{
  "signedContributors": [
    {
      "name": "andrewstech",
      "id": 45342431,
      "comment_id": 1065344048,
      "created_at": "2022-03-11T17:50:24Z",
      "repoId": 385332374,
      "pullRequestNo": 346
    },
    {
      "name": "andrewstech",
      "id": 45342431,
      "comment_id": 1065348018,
      "created_at": "2022-03-11T17:55:25Z",
      "repoId": 385332374,
      "pullRequestNo": 346
    },
    {
      "name": "Lukas-Batema",
      "id": 55695493,
      "comment_id": 1065744513,
      "created_at": "2022-03-12T00:44:02Z",
      "repoId": 385332374,
      "pullRequestNo": 345
    },
    {
      "name": "Posandu",
      "id": 76736580,
      "comment_id": 1066014685,
      "created_at": "2022-03-13T03:37:40Z",
      "repoId": 385332374,
      "pullRequestNo": 345
    },
    {
      "name": "RedEdge967",
      "id": 91379432,
      "comment_id": 1079173824,
      "created_at": "2022-03-25T16:05:18Z",
      "repoId": 385332374,
      "pullRequestNo": 358
    },
    {
      "name": "yashash1511",
      "id": 89068816,
      "comment_id": 1094039149,
      "created_at": "2022-04-09T14:04:26Z",
      "repoId": 385332374,
      "pullRequestNo": 380
    },
    {
      "name": "joeltorres-7",
      "id": 64314452,
      "comment_id": 1133994868,
      "created_at": "2022-05-22T22:02:53Z",
      "repoId": 385332374,
      "pullRequestNo": 467
    },
    {
      "name": "aarush-paul",
      "id": 76874133,
      "comment_id": 1144423768,
      "created_at": "2022-06-02T04:28:24Z",
      "repoId": 385332374,
      "pullRequestNo": 492
    },
    {
      "name": "jamacku",
      "id": 2879818,
      "comment_id": 1201537220,
      "created_at": "2022-08-01T18:06:18Z",
      "repoId": 385332374,
      "pullRequestNo": 617
    },
    {
      "name": "WilliamDavidHarrison",
      "id": 87287585,
      "comment_id": 1223378042,
      "created_at": "2022-08-23T00:44:14Z",
      "repoId": 385332374,
      "pullRequestNo": 639
    },
    {
      "name": "rwiteshbera",
      "id": 73098407,
      "comment_id": 1264600824,
      "created_at": "2022-10-02T09:59:45Z",
      "repoId": 385332374,
      "pullRequestNo": 659
    },
    {
      "name": "chiaramistro",
      "id": 41189322,
      "comment_id": 1268382556,
      "created_at": "2022-10-05T12:40:06Z",
      "repoId": 385332374,
      "pullRequestNo": 665
    },
    {
      "name": "Oussamaosman02",
      "id": 109099115,
      "comment_id": 1268481447,
      "created_at": "2022-10-05T14:04:02Z",
      "repoId": 385332374,
      "pullRequestNo": 666
    },
    {
      "name": "matteomessmer",
      "id": 40521259,
      "comment_id": 1272513953,
      "created_at": "2022-10-09T10:47:59Z",
      "repoId": 385332374,
      "pullRequestNo": 671
    },
    {
      "name": "itsOmSarraf",
      "id": 83817663,
      "comment_id": 1274987982,
      "created_at": "2022-10-11T16:46:42Z",
      "repoId": 385332374,
      "pullRequestNo": 673
    },
    {
      "name": "TalhaQuddoos",
      "id": 60311647,
      "comment_id": 1276782678,
      "created_at": "2022-10-12T22:06:09Z",
      "repoId": 385332374,
      "pullRequestNo": 677
    },
    {
      "name": "shaunbharat",
      "id": 79479981,
      "comment_id": 1279640828,
      "created_at": "2022-10-15T02:49:18Z",
      "repoId": 385332374,
      "pullRequestNo": 679
    },
    {
      "name": "MelonicOverlord",
      "id": 73000042,
      "comment_id": 1296729985,
      "created_at": "2022-10-31T08:02:22Z",
      "repoId": 385332374,
      "pullRequestNo": 692
    },
    {
      "name": "inwinter04",
      "id": 57310036,
      "comment_id": 1303038801,
      "created_at": "2022-11-04T06:43:10Z",
      "repoId": 385332374,
      "pullRequestNo": 697
    },
    {
      "name": "xiyueuyix",
      "id": 117043561,
      "comment_id": 1344993461,
      "created_at": "2022-12-10T03:12:57Z",
      "repoId": 385332374,
      "pullRequestNo": 708
    },
    {
      "name": "mrjatinchauhan",
      "id": 40722235,
      "comment_id": 1374873209,
      "created_at": "2023-01-08T16:19:55Z",
      "repoId": 385332374,
      "pullRequestNo": 723
    },
    {
      "name": "BrunoJeric",
      "id": 23256201,
      "comment_id": 1383181464,
      "created_at": "2023-01-15T15:33:41Z",
      "repoId": 385332374,
      "pullRequestNo": 729
    }
  ]
}
